10387,Jarrod,Sam,8
10388,Martha,Irwin,8
10389,Mira,Gagnon,8
10390,Arne,Soares,8
10391,Jiri,Winn,8
10392,Max,Chopra,8
10393,Catalin,Massey,8
10394,Kush,Bledsoe,8
10395,Chuck,Canales,8
10396,Damien,Mathieu,8
10397,Shoaib,Feldman,8
10398,Gabriel,Kirkpatrick,8
10399,Rex,Rios,8
10400,Tommy,Nagy,8
10401,Ran,Bhatia,8
10402,Akshay,Block,8
10403,Selina,Mejia,8
10404,Pieter,Weng,8
10405,Jojo,Giles,8
10406,Efrain,Pastor,8
10407,Darshan,Schulte,8
10408,Javier,Carpenter,8
10409,Nataly,Matthews,8
10410,Evans,Byers,8
10411,Adrien,Nogueira,8
10412,Alen,Rubio,8
10413,Patrick,Cheong,8
10414,Miki,Bogdan,8
10415,Beau,Flaherty,8
10416,Constantin,Chacon,8
10417,Sebastián,Lawton,8
10418,King,Herring,8
10419,May,Metzger,8
10420,Marianne,Bernard,8
10421,Edgars,Barth,8
10422,Ayesha,Novak,8
10423,Hunter,Lemon,8
10424,Miki,Prasad,8
10425,Ondřej,Everett,8
10426,Giselle,Urquhart,8
10427,Athena,Flowers,8
10428,Volodymyr,Henriksen,8
10429,Bojan,Lake,8
10430,Camilla,Teng,8
10431,Le,Saunders,8
10432,Maksym,Blue,8
10433,Galen,Kirkpatrick,8
10434,Cesar,Daley,8
10435,Harshal,Richmond,8
10436,Tami,Le,8
10437,Dhiraj,Lott,8
10438,Umer,Friend,8
10439,Jennie,Porter,8
10440,Antonia,Tellez,8
10441,Franco,Le,8
10442,Morgan,Schroeder,8
10443,Guru,Jiménez,8
10444,May,Pillay,8
10445,Ariana,Schrader,8
10446,Alison,Lake,8
10447,Bart,Pitt,8
10448,Roman,Leslie,8
10449,Aleksandra,Davila,8
10450,Abraham,Flowers,8
10451,Iryna,Donahue,8
10452,Jaron,Preston,8
10453,Rey,Janssen,8
10454,Salim,Canton,8
10455,Faiz,Russell,8
10456,Harsh,Nakamura,8
10457,Thibault,Funk,8
10458,Musa,Lehmann,8
10459,Dmitrii,Dey,8
10460,Ray,Tobias,8
10461,Oleh,Media,8
10462,Galen,Edgar,8
10463,Dragan,Cardenas,8
10464,Paras,Hendrix,8
10465,Chaz,Dotson,8
10466,Matija,Guan,8
10467,Kerem,Brock,8
10468,Jia,Feldman,8
10469,Miroslav,Boyle,8
10470,Al,Maher,8
10471,Giuseppe,Stanley,8
10472,Ana,Salama,8
10473,Heath,Jamieson,8
10474,Jonas,Gabriel,8
10475,Rami,Arshad,8
10476,Niclas,Prior,8
10477,Muhamad,Schroeder,8
10478,Kush,Sachdev,8
10479,Tuan,Irwin,8
10480,Bernd,Hines,8
10481,Christie,Byers,8
10482,Nicolas,Azevedo,8
10483,Gabe,Day,8
10484,Anil,Lewis,8
10485,Shravan,Goodman,8
10486,Jarrod,Reeder,8
10487,Kristin,Moses,8
10488,Sydney,Hua,8
10489,Vipul,Christopher,8
10490,Bart,Schmid,8
10491,Hakan,Goss,8
10492,Bart,Fernando,8
10493,Philippe,Whelan,8
10494,Ana,Na,8
10495,Haris,Alam,8
10496,Franco,Flanagan,8
10497,Cal,Ullah,8
10498,Bobby,Tables,8
10499,Glen,Gautam,8
10500,Bartosz,Maas,8
10501,Patryk,Hogue,8
10502,Joey,Gibson,8
10503,Kristin,Dwivedi,8
10504,Keisha,Guerrero,8
10505,Niclas,Urquhart,8
10506,Riccardo,Casas,8
10507,Callie,Casas,8
10508,Alec,Admin,8
10509,Yvette,Levy,8
10510,Gonzalo,Andrade,8
10511,Eyal,Neves,8
10512,Alec,Gardiner,8
10513,Roel,Nam,8
10514,Ciara,Hand,8
10515,Gautam,Healy,8
10516,Felix,Zepeda,8
10517,Stan,Mehra,8
10518,Jana,Deshpande,8
10519,Marcin,Lawler,8
10520,Ade,Khandelwal,8
10521,Keaton,Putra,8
10522,Manoj,He,8
10523,Ruby,Schmitt,8
10524,Arun,Cash,8
10525,Tyler,Hess,8
10526,Björn,Roberson,8
10527,Kishan,Keane,8
10528,Nidhi,Bassett,8
10529,Surya,Shea,8
10530,Eslam,Chester,8
10531,Stavros,Orozco,8
10532,First,Friend,8
10533,Mehmet,Hogg,8
10534,Steve,Gaffney,8
10535,Venkatesh,Kam,8
10536,Lachlan,Roberson,7
10537,Brock,Chow,7
10538,Prashanth,Madden,7
10539,Callie,Harrell,7
10540,Ruslan,Morrissey,7
10541,Nhat,Guimaraes,7
10542,Deepak,Cha,7
10543,He,Cobb,7
10544,Andreas,Flaherty,7
10545,Edgar,Alford,7
10546,Chance,Kuo,7
10547,Heather,Harding,7
10548,Pete,Shahid,7
10549,Griffin,Butt,7
10550,Davy,Franz,7
10551,Kostya,Cleary,7
10552,Eman,Camacho,7
10553,Tai,Sanchez,7
10554,Dmitriy,Teague,7
10555,Maurice,Daniels,7
10556,Rhys,Allen,7
10557,Gregorio,Preston,7
10558,Oleh,Islam,7
10559,Tom,Latif,7
10560,Eileen,Carpenter,7
10561,Abraham,Kraus,7
10562,Gabrielle,Uddin,7
10563,Kshitij,Lake,7
10564,Muhammed,Allison,7
10565,Eugen,Murray,7
10566,Constance,Nakamura,7
10567,Bart,Cousins,7
10568,Dipesh,Bennett,7
10569,Eileen,Gaffney,7
10570,Frankie,Waite,7
10571,King,Ling,7
10572,Vu,Esparza,7
10573,Nat,Sanders,7
10574,Amer,Chance,7
10575,Shay,Taneja,7
10576,Ram,Hill,7
10577,Hakan,Setiawan,7
10578,Francesco,Sen,7
10579,Paras,Street,7
10580,Hoang,Witt,7
10581,Ric,Carmichael,7
10582,Simran,Briones,7
10583,Jaron,Edgar,7
10584,Joan,Gupta,7
10585,Grzegorz,Bandara,7
10586,Antoine,Schiller,7
10587,Jayson,Petrov,7
10588,Nikolai,Albert,7
10589,Rey,Andrei,7
10590,Suyash,Foreman,7
10591,Giuseppe,Watson,7
10592,Jorge,Grossman,7
10593,Venkatesh,Leslie,7
10594,Khalil,Jacobson,7
10595,Tomáš,More,7
10596,Marcin,Riley,7
10597,Steve,Heath,7
10598,Peyton,Richardson,7
10599,Andrey,Hang,7
10600,Jhon,Kerr,7
10601,Alissa,Dwivedi,7
10602,Carla,Unger,7
10603,Ian,Moreno,7
10604,Shea,Monroe,7
10605,Abdullah,Barnett,7
10606,Ruslan,Shinde,7
10607,Tiger,Eng,7
10608,Andrzej,Nawaz,7
10609,Mani,Espinosa,7
10610,Avinash,Soliman,7
10611,Shayne,Villalobos,7
10612,Liliana,Kuznetsov,7
10613,Carina,Guimaraes,7
10614,Clarence,Olsson,7
10615,Brett,Burgess,7
10616,Joana,Gao,7
10617,Thibault,Turner,7
10618,Ari,Khurana,7
10619,Christos,Chopra,7
10620,Marianna,Betts,7
10621,Mircea,Macedo,7
10622,Pramod,Rivas,7
10623,Tudor,Cowan,7
10624,Gwen,Mehra,7
10625,Vanessa,Otero,7
10626,Wyatt,Cope,7
10627,Iman,Craft,7
10628,Kristoffer,Griffin,7
10629,Carlo,Bao,7
10630,Juraj,Ham,7
10631,Roman,Barnes,7
10632,Miroslav,Abdi,7
10633,Betsy,Herring,7
10634,Faris,Koehler,7
10635,Kerry,Harvey,7
10636,Susie,Lawler,7
10637,Josef,Blom,7
10638,Miki,Heller,7
10639,Gus,Vincent,7
10640,Alisa,Madrid,7
10641,Candace,Joy,7
10642,Nathaniel,Babu,7
10643,Joana,Cross,7
10644,Rune,Upadhyay,7
10645,Willie,Evers,7
10646,May,Fortune,7
10647,Armen,Peterson,7
10648,Eugenio,Jain,7
10649,Henry,Agrawal,7
10650,Christoffer,Azevedo,7
10651,Rio,Becker,7
10652,Eileen,Barnes,7
10653,Chuck,Guy,7
10654,Tegan,Ballard,7
10655,Marcelo,Barlow,7
10656,Iris,Eden,7
10657,Fei,Bhat,7
10658,Ken,Mariano,7
10659,Helena,Rizzo,7
10660,Connie,Manuel,7
10661,Edgar,Dotson,7
10662,Avinash,Giles,7
10663,Orion,Quintana,7
10664,Qasim,Pritchard,7
10665,Alicia,Chapman,7
10666,Eleanor,Le,7
10667,Duncan,Novak,7
10668,Jarred,Gamboa,7
10669,Vicki,Fu,7
10670,Shoaib,Sky,7
10671,Alastair,Grossman,7
10672,Alexa,Nieto,7
10673,Art,Moreno,7
10674,Farhan,Case,7
10675,Felipe,Mason,7
10676,Nat,Setiawan,7
10677,Stevie,Nath,7
10678,Marija,Pitt,7
10679,Conrad,Mathew,7
10680,Jeroen,Brooks,7
10681,Kieran,Chua,7
10682,Demi,Beyer,7
10683,Fábio,Vaidya,7
10684,Adrianne,Sadler,7
10685,Roger,Godoy,7
10686,Agnieszka,Briones,7
10687,Natasha,Kan,7
10688,Nguyen,Mata,7
10689,Srikanth,Dee,7
10690,Jacob,Root,7
10691,Victor,Cristian,7
10692,Muhammed,Trinh,7
10693,Heidi,Pettit,7
10694,Tino,Aziz,7
10695,Shirley,Philip,7
10696,Martha,March,7
10697,Shravan,Flint,7
10698,Mikhail,Nygaard,7
10699,Louie,Casas,7
10700,Constantin,Elias,7
10701,Virginia,Mattingly,7
10702,Mohamed,Simpson,7
10703,Cristian,Montague,7
10704,Quang,Peng,7
10705,Chance,Granger,7
10706,Kristin,Markham,7
10707,Andrey,Pope,7
10708,Pieter,Rico,7
10709,Eslam,Burnham,6
10710,Surya,Schubert,6
10711,Silas,Brooks,6
10712,Arsalan,Grover,6
10713,Jennie,Pruitt,6
10714,Balazs,Sadler,6
10715,Prashanth,Bajwa,6
10716,Darya,Sargent,6
10717,Mikaela,Everett,6
10718,Navin,Esquivel,6
10719,Hao,Reid,6
10720,Skyler,Omar,6
10721,Shoaib,Jamieson,6
10722,Ashley,Eden,6
10723,Oswaldo,Griffith,6
10724,Sandy,Mason,6
10725,Tabitha,Harvey,6
10726,Yonatan,Guy,6
10727,Jordan,Leon,6
10728,Ric,Zepeda,6
10729,Glen,Ch,6
10730,Baptiste,Rico,6
10731,Alena,Quinn,6
10732,Terri,Nickerson,6
10733,Armen,Lashley,6
10734,Henry,Tian,6
10735,Betsy,Chu,6
10736,Jameson,Edmondson,6
10737,Erika,Muniz,6
10738,Qasim,Lopez,6
10739,Xi,Nygaard,6
10740,Emmanuel,Gabriel,6
10741,Tin,Jansen,6
10742,Linh,Shelley,6
10743,Athena,Master,6
10744,Amelia,Rivas,6
10745,Jim,Polanco,6
10746,Jaron,Cobb,6
10747,Yvette,Gashi,6
10748,Krish,Herrera,6
10749,Landon,Philip,6
10750,Ian,Livingston,6
10751,Stephen,Maher,6
10752,Wouter,Smyth,6
10753,Lily,Strickland,6
10754,Beth,Dodds,6
10755,Simran,Chacon,6
10756,Rashad,Quintero,6
10757,Vanessa,Gabriel,6
10758,Damir,Tellez,6
10759,Dean,Schroeder,6
10760,Mikaela,Kent,6
10761,Leland,Rios,6
10762,Ruby,Fitch,6
10763,Kamran,Canton,6
10764,Elise,Babu,6
10765,Mariya,Hunter,6
10766,Leonardo,Bandara,6
10767,Leonard,Pedersen,6
10768,Franco,Gautam,6
10769,Zoe,Daniels,6
10770,Niklas,Taneja,6
10771,Axel,Gabriel,6
10772,Leroy,Arora,6
10773,Carlos,Preston,6
10774,Natasha,Suzuki,6
10775,Gustav,Tam,6
10776,Vincent,Dwivedi,6
10777,Steve,Hoffmann,6
10778,Khalil,Smyth,6
10779,Amelia,Koemi,6
10780,Al,Reich,6
10781,Damir,Akbar,6
10782,Jaron,Ellis,6
10783,Preston,Sidhu,6
10784,Abigail,Guevara,6
10785,Arya,Bartley,6
10786,Phong,Leo,6
10787,Anu,Richardson,6
10788,Cole,Shukla,6
10789,Abdullah,Hashim,6
10790,Bruce,Joshi,6
10791,He,Melton,6
10792,Colby,Madden,6
10793,Lilian,Whittle,6
10794,Dirk,Esparza,6
10795,Aleksey,Joy,6
10796,Rhys,Bledsoe,6
10797,Drake,Matthews,6
10798,Mathieu,Henriksen,6
10799,Ayoub,Rastogi,6
10800,Darin,Meredith,6
10801,Camille,Ivanova,6
10802,Jessie,Mac,6
10803,Amina,Kuhn,6
10804,Crystal,Foreman,6
10805,Noam,Day,6
10806,Emil,Saunders,6
10807,Brenton,Tatum,6
10808,Tomáš,Schroeder,6
10809,Nabeel,Heath,6
10810,Aswin,Chowdhury,6
10811,First,Mahmoud,6
10812,Sal,Wilkinson,6
10813,Betsy,Chacon,6
10814,Anson,Pérez,6
10815,Gleb,Louis,6
10816,Barry,Chin,6
10817,Tai,Jacobson,6
10818,Ana,Chopra,6
10819,Jhon,Eduardo,6
10820,Andreas,Franco,6
10821,François,Pearce,6
10822,Priscilla,Goodrich,6
10823,Yuri,Manley,6
10824,Amina,Ahmed,6
10825,Maurice,Chin,6
10826,Kaustubh,Tatum,6
10827,Manas,Espinosa,6
10828,Gwen,Erickson,6
10829,Kristin,Tyler,6
10830,Vicki,Camacho,6
10831,Murad,Pedraza,6
10832,Gautam,Goss,6
10833,Sydney,Weston,6
10834,Dante,Fortune,6
10835,Bartosz,Eduardo,6
10836,Celine,Melton,6
10837,Jayson,Hughes,6
10838,Samson,Mohamed,6
10839,Neha,Mishra,6
10840,Xi,Ray,6
10841,Logan,Fu,6
10842,Manuel,Reis,6
10843,Karthik,Gibson,6
10844,Ron,Arora,6
10845,Mario,Omar,6
10846,Frankie,Kar,6
10847,Moshe,Fox,6
10848,Griffin,Butt,6
10849,Heather,Cabrera,6
10850,Aditya,Jimenez,6
10851,Jatin,Wang,6
10852,Tuan,Nel,6
10853,Mani,Lowery,6
10854,Maciej,Wells,6
10855,Remi,Hoffmann,6
10856,Nathanael,Whelan,6
10857,Aleksey,Sheldon,6
10858,Andy,Schafer,6
10859,Team,Leon,6
10860,Khaled,Suzuki,6
10861,Ronny,Martin,6
10862,Catalin,Louis,6
10863,Katerina,Knapp,6
10864,Trang,Yilmaz,6
10865,Ruby,Ashley,6
10866,Nataly,Stafford,6
10867,Cliff,Inman,6
10868,Vernon,Jiménez,6
10869,Rhys,Jing,6
10870,Allison,Gashi,6
10871,Joey,Barker,6
10872,Britney,Mejia,6
10873,Ronak,Daniels,6
10874,Darya,Crabtree,6
10875,Tomáš,Kumar,6
10876,Riley,Kothari,6
10877,Joana,Chadwick,6
10878,Umer,Wells,6
10879,Tam,Cowan,6
10880,Lily,Chua,6
10881,Josef,Bailey,6
10882,Felipe,Ireland,6
10883,Lina,Madden,6
10884,Patrick,Landry,6
10885,Wang,Hoffmann,6
10886,Jennie,Herbert,6
10887,Patryk,Vargas,6
10888,Derek,Hamid,6
10889,Amelia,Aguirre,6
10890,Balazs,Kingston,6
10891,Matej,Herbert,6
10892,Ayan,Swanson,6
10893,Simeon,Bandara,6
10894,Anshul,Herbert,6
10895,Libby,Dutton,6
10896,Leroy,Eden,6
10897,Tahir,Forrest,6
10898,Amos,Peterson,6